{"cameraMode":{"drawMode":0,"name":"Shaded","section":"Shading Mode"},"sceneLighting":false,"audioPlay":false,"sceneViewState":{"m_AlwaysRefresh":false,"showFog":true,"showSkybox":false,"showFlares":true,"showImageEffects":true,"showParticleSystems":true,"showVisualEffectGraphs":true,"m_FxEnabled":true},"in2DMode":false,"pivot":{"x":-0.36916232109069826,"y":0.6530005931854248,"z":0.23451298475265504},"rotation":{"x":-0.04692288115620613,"y":-0.7588702440261841,"z":0.05493747070431709,"w":-0.6472827196121216},"size":2.4636569023132326,"orthographic":false}