{"cameraMode":{"drawMode":0,"name":"Shaded","section":"Shading Mode"},"sceneLighting":false,"audioPlay":false,"sceneViewState":{"m_AlwaysRefresh":false,"showFog":true,"showSkybox":false,"showFlares":true,"showImageEffects":true,"showParticleSystems":true,"showVisualEffectGraphs":true,"m_FxEnabled":true},"in2DMode":false,"pivot":{"x":0.037410855293273929,"y":2.5960490703582765,"z":-1.9396005868911744},"rotation":{"x":0.0837445855140686,"y":-0.10444203019142151,"z":0.008861349895596505,"w":0.9909954071044922},"size":0.8660253882408142,"orthographic":false}