{"cameraMode":{"drawMode":0,"name":"Shaded","section":"Shading Mode"},"sceneLighting":true,"audioPlay":false,"sceneViewState":{"m_AlwaysRefresh":false,"showFog":true,"showSkybox":true,"showFlares":true,"showImageEffects":true,"showParticleSystems":true,"showVisualEffectGraphs":true,"m_FxEnabled":true},"in2DMode":false,"pivot":{"x":6.2483367919921879,"y":-22.013629913330079,"z":0.004740715026855469},"rotation":{"x":-0.10757450014352799,"y":0.29278671741485598,"z":-0.03316659852862358,"w":-0.9495337009429932},"size":5.697818279266357,"orthographic":false}