{"cameraMode":{"drawMode":0,"name":"Shaded","section":"Shading Mode"},"sceneLighting":false,"audioPlay":false,"sceneViewState":{"m_AlwaysRefresh":false,"showFog":true,"showSkybox":false,"showFlares":true,"showImageEffects":true,"showParticleSystems":true,"showVisualEffectGraphs":true,"m_FxEnabled":true},"in2DMode":false,"pivot":{"x":1.2086513042449952,"y":0.1464916467666626,"z":1.484904408454895},"rotation":{"x":-0.019046492874622346,"y":0.8830945491790772,"z":-0.03608068451285362,"w":-0.46750330924987795},"size":2.569443941116333,"orthographic":false}