{"cameraMode":{"drawMode":0,"name":"Shaded","section":"Shading Mode"},"sceneLighting":false,"audioPlay":false,"sceneViewState":{"m_AlwaysRefresh":false,"showFog":true,"showSkybox":false,"showFlares":true,"showImageEffects":true,"showParticleSystems":true,"showVisualEffectGraphs":true,"m_FxEnabled":true},"in2DMode":false,"pivot":{"x":-0.15938344597816468,"y":1.834789752960205,"z":-0.1579965353012085},"rotation":{"x":-0.005037433933466673,"y":0.9949031472206116,"z":-0.07656888663768769,"w":-0.06545867025852204},"size":1.563500165939331,"orthographic":false}