{"cameraMode":{"drawMode":0,"name":"Shaded","section":"Shading Mode"},"sceneLighting":false,"audioPlay":false,"sceneViewState":{"m_AlwaysRefresh":false,"showFog":true,"showSkybox":false,"showFlares":true,"showImageEffects":true,"showParticleSystems":true,"showVisualEffectGraphs":true,"m_FxEnabled":true},"in2DMode":false,"pivot":{"x":1.6040130853652955,"y":2.1981570720672609,"z":-1.7111865282058716},"rotation":{"x":-0.06023726984858513,"y":0.8371222019195557,"z":0.09437660872936249,"w":0.5355409979820252},"size":4.787437438964844,"orthographic":false}