{"cameraMode":{"drawMode":0,"name":"Shaded","section":"Shading Mode"},"sceneLighting":false,"audioPlay":false,"sceneViewState":{"m_AlwaysRefresh":false,"showFog":true,"showSkybox":false,"showFlares":true,"showImageEffects":true,"showParticleSystems":true,"showVisualEffectGraphs":true,"m_FxEnabled":true},"in2DMode":false,"pivot":{"x":2.1274924278259279,"y":1.1035197973251343,"z":0.4576380252838135},"rotation":{"x":-0.054845213890075687,"y":0.7176878452301025,"z":0.05701497569680214,"w":0.6919268369674683},"size":3.9976274967193605,"orthographic":false}