{"cameraMode":{"drawMode":0,"name":"Shaded","section":"Shading Mode"},"sceneLighting":false,"audioPlay":false,"sceneViewState":{"m_AlwaysRefresh":false,"showFog":true,"showSkybox":false,"showFlares":true,"showImageEffects":true,"showParticleSystems":true,"showVisualEffectGraphs":true,"m_FxEnabled":true},"in2DMode":false,"pivot":{"x":0.44887682795524599,"y":1.3963322639465333,"z":-2.60504150390625},"rotation":{"x":-0.03809737041592598,"y":0.9161708950996399,"z":-0.08992155641317368,"w":-0.38884854316711428},"size":1.7436680793762208,"orthographic":false}